PROBES	Amplicon frequency (%)	ddPCR frequency (%)
CCR001_KRAS_p.G12A	16.500	16.300
CCR001_AMER1_p.R353*	22.160	17.104
CCR002_KRAS_p.G12V	47.280	54.210
CCR002_PIK3CA_p.E545K	34.570	40.777
CCR002_APC_p.R564*	34.760	36.756
CCR003_TP53_p.C275F	30.110	31.569
CCR003_PIK3CA_p.E542K	21.040	20.200
CCR003_APC_p.E1295*	41.380	37.869
CCR007_TP53_p.P250L	33.060	42.952
CCR007_APC_c.1958+3A>G	27.580	29.062
CCR008_TP53_p.R273C	32.660	29.300
CCR009_KRAS_p.G12R	14.160	15.400
CCR009_TP53_p.S15Rfs*30	20.060	19.522
CCR011_TP53_p.R342*	35.710	35.950
CCR011_RNF43_p.I48T	34.240	54.283
CCR011_SMAD4_p.R361H	25.330	27.000
CCR011_BRAF_p.V600E	27.890	27.200
CCR013_KRAS_p.G12D	25.000	21.300
CCR013_SMAD4_p.K428*	17.460	12.981
CCR015_TP53_p.R282W	57.730	52.574
CCR015_BRAF_p.V600E	37.130	38.500
CCR021_APC_p.E1309Ter	26.190	21.672
CCR021_KRAS_p.G13D	23.480	25.500
CCR021_FAT4_p.P774=	26.690	22.248
CCR029_KRAS_p.G12V	29.090	29.000
CCR029_ACVR2A_p.V408Gfs*2	48.310	51.460
CCR035_TP53_p.G199V	43.880	48.547
CCR035_APC_p.R283*	31.220	27.866
CCR040_TP53_p.V157G	29.890	26.588
CCR040_PIK3CA_p.Y1021C	18.310	16.629
CCR041_KRAS_p.G12V	28.240	27.900
CCR041_TP53_p.G266E	33.850	37.016
CCR043_TP53_p.T211I	45.920	49.602
CCR043_SOX9_p.N45H	51.740	33.279
CCR043_SOX9_p.P48Efs*201	41.900	33.279
CCR043_APC_p.R805*	44.800	47.900
CCR044_KRAS_p.G12C	48.890	49.800
CCR044_CTNNB1_p.S45F	49.540	43.819
CCR045_KRAS_p.G13E	15.700	20.397
CCR045_PIK3CA_p.H1047R	29.140	35.477
CCR046_KRAS_p.V14I	52.530	55.002
CCR047_TP53_p.L130F	36.630	37.538
CCR047_APC_p.R1114*	52.520	53.567
CCR048_KRAS_p.G12S	52.500	60.900
CCR048_TP53_p.V173L	67.350	67.564
CCR049_TP53_p.R248Q	45.550	44.261
CCR049_PIK3CA_p.E545K	30.490	34.300
CCR049_AMER1_p.R586*	57.170	58.133
CCR050_KRAS_p.G12D	46.880	40.700
CCR050_PIK3CA_p.K111E	44.080	41.392
CCR050_APC_p.R1450*	26.330	25.600
CCR054_KRAS_p.G12C	46.960	45.800
CCR054_SOX9_p.Q505Afs*72	48.370	49.568
CCR058_TCF7L2_p.R402Q	23.710	22.424
CCR058_KRAS_p.G13D	22.220	18.500
CCR058_AMER1_p.R497*	22.660	18.809
CCR061_KRAS_p.G12D	34.940	42.400
CCR061_TP53_p.R248W	36.130	36.895
CCR061_APC_p.N1455Ifs*18	53.910	56.956
CCR063_TP53_p.S127F	51.740	58.709
CCR063_FBXW7_p.R479Q	21.400	20.600
CCR063_APC_p.S678Vfs*40	24.210	28.152
CCR066_ARID1A_p.Q758Rfs*75	77.550	8.040
CCR066_ERBB4_p.N626=	28.850	21.384
CCR066_FBXW7_p.R479Q	25.720	22.000
CCR073_KRAS_p.G12V	19.980	18.500
CCR073_SMAD2_p.S464*	19.840	16.705
CCR075_APC_p.Q1062*	35.970	36.681
CCR075_TP53_p.Y234C	31.840	33.419
CCR075_TP53_p.R248W	30.630	25.700
CCR076_TP53_p.E204*	22.540	21.967
CCR077_RNF43_p.R392Efs*27	38.130	36.623
CCR077_BRAF_p.V600E	26.180	25.100
CCR080_KRAS_p.G12V	54.660	53.500
CCR080_APC_p.D1486Vfs*21	67.030	69.600
CCR082_KRAS_p.A146T	15.710	12.200
CCR082_AMER1_p.F173Lfs*36	30.520	32.944
CCR086_TP53_p.R175H	43.220	38.250
CCR086_APC_p.E1286*	62.140	54.130
CCR087_KRAS_p.G12D	22.440	27.900
CCR087_TP53_p.R175H	23.870	27.139
CCR087_ACVR2A_p.R400C	23.970	20.468
CCR088_TP53_p.R175H	53.090	57.639
CCR088_APC_p.D1394Gfs*2	59.710	63.866
CCR089_TP53_p.R273H	37.980	40.302
CCR089_APC_p.L472Tfs*13	26.000	23.105
CCR090_TP53_p.R282W	72.480	74.182
CCR090_APC_p.H1349Ifs*21	31.700	35.092
CCR092_KRAS_p.G12D	31.810	31.700
CCR092_TP53_p.Y220C	41.730	40.485
CCR093_NRAS_p.G12C	45.130	45.900
CCR093_TP53_p.E285V	41.480	46.751
CCR095_TCF7L2_p.R402Q	23.740	19.476
CCR095_TP53_p.R273C	30.330	49.000
CCR097_TP53_p.C238Y	36.270	39.200
CCR097_SMAD4_p.C363G	36.140	35.574
CCR100_PIK3CA_p.H1047R	30.970	27.700
CCR100_APC_p.R216*	33.960	28.005
CCR102_CTNNB1_p.S37_G38delinsCC	32.750	30.731
CCR102_PIK3CA_p.C420R	34.510	33.700
CCR103_TP53_p.R248Q	56.890	57.156
CCR103_APC_p.Q1367*	41.750	44.399
CCR104_KRAS_p.Q61L	53.260	63.227
CCR104_TP53_p.C176F	45.760	25.000
CCR104_CTNNB1_p.S45F	44.730	48.300
CCR104_PIK3CA_p.E545K	23.660	28.707
CCR107_KRAS_p.G13D	33.450	33.900
CCR107_TP53_p.R175H	48.760	51.258
CCR107_PIK3CA_p.H1047R	48.800	45.200
CCR107_APC_p.R1450*	36.270	38.400
CCR108_TP53_p.R282W	34.640	39.665
CCR110_KRAS_p.G12D	35.680	36.100
CCR110_TP53_p.R267W	39.980	36.108
CCR110_FAT4_p.S4282=	39.450	34.338
CCR118_KRAS_p.G12D	40.400	52.618
CCR118_SOX9_p.R271Pfs*25	43.140	40.023
CCR118_FBXW7_p.R465H	31.480	25.500
CCR123_NRAS_p.Q61R	51.860	45.172
CCR123_TP53_p.R248Q	58.210	58.838
CCR124_KRAS_p.G12D	53.830	60.200
CCR124_TP53_p.Y220C	52.760	57.265
CCR125_TP53_p.E298*	52.040	53.861
CCR125_APC_p.R283*	48.040	47.661
CCR132_TP53_p.C238Y	35.800	33.200
CCR132_SMAD4_p.S32*	40.770	32.136
CCR135_BRAF_p.V600E	21.030	14.700
CCR135_KMT2C_p.I575=	22.800	19.727
CCR136_KRAS_p.G12D	40.710	42.600
CCR136_APC_p.E1322*	29.370	19.507
CCR138_PTEN_p.R15*	17.840	14.539
CCR138_ERBB3_c.2938-1G>T	18.490	13.949
CCR138_BRAF_p.V600E	15.550	14.800
CCR140_NRAS_p.G12V	17.890	14.000
CCR140_APC_p.E241Sfs*10	32.080	25.369
CCR145_KRAS_p.G13D	25.380	28.100
CCR145_SMAD4_p.D351Y	40.430	41.932
CCR145_APC_p.N813Ffs*2	33.220	30.088
CCR146_TP53_p.G245S	46.200	45.900
CCR146_FLNA_p.T1508=	16.010	16.604
CCR147_KRAS_p.G12V	39.390	35.006
CCR147_SOX9_p.F270Sfs*25	36.810	37.502
CCR147_APC_p.R1450*	18.860	18.850
CCR150_TP53_p.R282W	47.990	44.300
